age,salary,name_Alice,name_Bob,name_Charlie,name_David,name_Eve,gender_Female,gender_Male
-1.3821640128763901,-0.18898223650461363,1.0,0.0,0.0,0.0,0.0,1.0,0.0
0.1535737792084878,0.0,0.0,1.0,0.0,0.0,0.0,0.0,1.0
0.0,-1.7008401285415227,0.0,0.0,1.0,0.0,0.0,0.0,1.0
-0.4607213376254634,1.3228756555322954,0.0,0.0,0.0,1.0,0.0,1.0,0.0
1.6893115712933657,0.5669467095138409,0.0,0.0,0.0,0.0,1.0,1.0,0.0
